Time,V1,V2,V3,V4,V5,V6,V7,V8,V9,V10,V11,V12,V13,V14,V15,V16,V17,V18,V19,V20,V21,V22,V23,V24,V25,V26,V27,V28,Amount,Class
0.30000000000000004,-0.7546921807113507,-1.5067238364724487,-1.8050710599448938,0.86736136935798,0.925469270164005,0.46310240125833646,-1.176320492126155,0.8880343474497758,1.3033475841751518,0.4767748275178971,-1.0902734511849466,0.2584503418454549,-0.42102661016324694,-0.9241024450831388,-1.4057541000245681,1.459334294184428,0.5292312639134558,1.7306718229858302,-1.3117388055132135,-0.9432770025013886,0.0373264988180968,-1.7635947806793553,-0.7910037869826305,0.16031930528365645,-0.07285898025113502,1.6384257049767932,0.3095889885592493,0.5500649982656785,292.99064655164113,1
1.3,-0.5344515249263764,-1.9975458462892806,1.9219845694952435,1.169673673222679,-1.4932246782328251,-1.5524952711888629,-1.1108765383204489,0.6321413409771521,-1.475831245025934,-1.920112903088555,-0.02339761971490395,-1.975529565149376,-0.9643278907054622,-0.4712818616852723,-1.1791382883883634,-1.990118807124333,-0.960061172078762,-1.0249561114216057,-0.703064586673992,-0.3420355241527244,-0.5605341396701489,-0.7037072733958114,-1.923383250676538,1.3491055461355757,0.9530122457315762,-0.028403798860028306,-1.9886646672972899,-1.0668910717891493,450.38828230211345,1
2.3,-1.1786910941407465,1.279791488771603,1.5658794681953903,-1.5112479644130774,0.004251910850729512,0.24500083888765145,-1.5307386515973014,-0.7225788776811206,0.47296495858495247,0.694090223006866,0.5138349414567434,0.4810496511726692,-0.48819164840969975,-1.7246891958148391,-1.9354187191814947,1.3502501420357165,1.4593223883330122,1.620335349361886,-1.695978108453155,1.0774038170433164,-1.312685714831269,-0.6149804855558685,-1.1987768541700214,1.4398885658224208,1.2762446383528632,1.3305384212084936,-0.4741516328375579,1.7442266105794544,130.7785730523556,0
3.3,0.6934258763913617,-1.0653375311766151,-0.47310690847251147,-1.5991327338002996,1.1865533450319905,-1.2627599488860715,-1.455984209063998,-0.8882219448667104,0.5609784323550238,0.5486130160712652,0.09872313678200051,1.4141508548169512,1.009738236430258,-1.1609637888190099,0.1387601182685705,-1.3224174616689708,-1.0328479652147147,-1.4121735575580963,-1.692010358900561,-0.5989824326535165,1.545844564417088,0.6245505410886087,-1.6491312689345796,-1.1238453965259572,0.3662939050559899,0.11897951417634589,-1.893481621919999,-1.6241900749632827,283.4197194458159,1
4.3,-1.6785320310286567,1.0911549440006376,-1.0385929961447213,0.35699869457115563,0.11863225590076754,-0.6397540755819979,1.7853505233061968,-0.41760344608883626,-0.30725799321010827,0.1609434186657741,1.3586006669142914,1.9505493093210249,1.0782485211358197,0.15465697377208354,0.867410355836324,0.5526281573270717,1.8371351672658567,1.882496187065342,1.0399880172208946,-1.1342889021500882,0.27399260992630126,-0.24190551315288156,-1.07505147365654,1.125833078305845,-1.11541540218305,0.8388973495981884,-0.04272720854794754,-0.2924168582871056,353.6309600837756,1
5.3,1.9586562207016045,1.9956073295200678,1.1997691314858616,-0.9444869247032237,0.6767367679985807,-0.01794330191380311,1.7617534113844218,-0.21177358932781587,-0.5701907723991053,-1.896454672410298,-0.11942764628526303,0.12984531623364814,-0.7668765098238746,-1.5790679308941957,-0.06397592798018437,-1.7177379464574591,-1.3132646846967524,-0.2240994879504834,-0.6074289239036506,0.00034342041807455814,0.12045268232638584,-0.4460425788508169,-1.4658092421703066,-1.9263687245251573,0.23762300866963626,1.88055775662297,-0.8748278275045656,-0.5929681426585605,160.38872347060885,1
6.3,-0.027120810600705703,1.1837771481416373,-1.9791161671536188,-1.469309360799155,-1.1753945080773267,-0.5244295828081462,-0.4022716185200057,-0.4585357865481674,1.8627516199418626,-0.24311719584347946,0.30233191011411265,1.8537943971414261,0.5676209507206993,0.3787194441579196,1.312975950116671,-0.6623768302776991,-1.8560934150113875,1.8304978651666919,0.13742023705910222,0.32845713390662556,-1.7334210902435307,0.9800797792776286,-0.5049780781121527,0.5719307211038771,-0.8654685504464306,1.6726841778979868,-0.5246935128588932,-0.8976080561729636,447.0494977611301,1
7.3,-0.9162741250341506,-0.052250333347425126,1.923374728787544,-1.5376958564736647,-1.158461109723719,1.1831620593604915,-1.6993929448555671,-0.34265150113322385,1.1322393324976971,0.8508323805244666,1.172549130643724,-1.530949450549874,1.5594823092369134,-0.5719794484315552,1.2567630477068854,-0.11330377821768156,1.5654141568168973,-0.08817311023240393,-0.9687710150497386,-1.3973051335759865,-0.014130558777297075,-1.800765906860137,-1.3439016134076711,1.4985220492313864,0.2952823787136971,1.4525853574918517,-1.3966186575741544,-0.07880546849527414,234.82558405429737,0
8.3,-0.946220763843741,1.6873254694507356,0.8942365120195781,0.035864914901590605,0.4379852498853083,1.4434477122505944,1.815262683969772,0.3784323886836285,-1.798621647054759,1.4873160313536253,-1.3412479486436415,-1.0394156681162219,-1.4519023115583218,0.04869603856036964,0.3302717791124281,-0.1591211219522881,-0.11995404930394837,-1.4364104208505846,0.872234278531991,0.15000642373299078,-0.7641861353721051,1.3344038406203875,1.756036998378045,1.6895953511414166,1.939630879874087,-1.7242776086819331,-0.4456205590253348,-0.20024522673656886,129.05477575206098,0
9.3,1.6199491951889868,-1.4456677661335209,0.024651854446178234,1.8699247603588849,1.5549943706394345,-0.19676571586690716,-1.5812214221356737,-0.17478617060634916,0.07035030063435999,1.14280099217678,-1.2558360650174394,-0.8820763839939336,1.9387556732613067,-1.9530957707060823,0.44404353151151943,-1.6200324575539513,1.0021550382093745,-0.30580711378309333,1.7016806352217744,-1.106610544313471,1.5098837049163096,-1.08974098457991,-1.8092879556563504,-1.6549789711051024,-1.6955315240500473,-0.44545409188105367,1.8878664529587459,-0.5808042556681667,358.66026563959684,1
10.3,0.06334442272888285,0.15753324355317533,-1.6080235697694025,0.31941481668711713,-0.2157368112727185,-0.6902817161755679,1.3216711380361748,0.7654231812350516,-1.5185992002376376,-1.5754962462953763,-1.7904609371613702,-0.9463065685362335,0.546290384413727,1.8738021864566377,1.8750266233847,1.4578070149812246,-1.5024377815062993,1.1676287890314585,1.0486758298726566,-0.10919591914403037,1.9827368927996272,0.39602942731881585,-1.5266563828481483,-1.1363968344823663,-1.4813109634892276,0.44191727441908046,0.49658199454119556,1.4311201182088946,6.11804120295734,0
11.3,1.8908620529028592,-0.9513343401611905,-0.9431628522449782,1.4668543016028543,-1.5545686455420737,1.17153943587265,1.586925424308872,0.24905490819902898,0.4339809366683185,-1.9764419740022263,0.42648634897141147,0.45505855743087364,1.0840519817788392,0.06887865176133001,-1.5443274646730556,-1.1095938331347313,0.6123041525368187,-1.6819765943147638,-1.5726458940287,-0.9965132554722267,1.1854226404043997,0.18596581813514979,-0.57245917688509,1.8552851686619367,0.32399323315735495,-1.0454909184606973,0.2618564501797813,1.4217923002796038,184.88928110512634,1
12.3,0.30957917514186617,1.9488072574880473,0.5542135066647136,-1.2753153427717292,0.32817643406106356,-0.7147250001817844,-0.10659778080733684,0.8518529579157588,-1.9190985003359855,0.0304175693113935,-0.7435609241203469,0.3961517065293143,1.2826985080666287,-0.13094753289273253,0.5190165964571394,-0.8451092507115026,-0.9760548731458241,0.04020115819898473,0.13012826046098835,-1.1066518311173423,1.060317898192869,-0.001764618168565324,-0.5778545937098927,-0.9854383427937607,1.347333142192484,1.6081997358647646,1.752633314468239,-1.0080035236669875,36.52757814310073,1
13.3,-1.9010047606801184,1.4251815939990706,0.7162374049391302,-0.6523318702862895,-0.23428689649161738,0.7316379039911269,-1.3592182583200962,-0.5400262406587437,1.1472961631173404,0.7228646713523479,0.34137164908615647,-1.5870590473102002,-1.1315726186001918,-0.9738104981688052,-1.874176046175699,0.5597987665665238,0.2910591509634486,1.6970889712823354,0.2176491231143518,1.6735532111226403,-0.12450727767392644,0.0701965794505508,-0.8747673621277903,-0.14286970932641063,1.7472239716785678,-0.04908405562842022,-1.9913922154396109,-0.5852690946969603,99.69311541393816,0
14.3,0.03688277445245447,-0.09726639516378865,1.7084910944031724,1.0497801649649587,-1.6508578243446377,-1.8774266131681152,0.8029201144269789,0.38707456296321086,0.6097215002922463,0.0016450894863528909,-1.8568051343262661,-0.19321103333032008,1.3418271546953764,0.40760022839183874,-1.8232570187806085,-1.5022358394083222,1.61886140969767,0.17976331041913696,-1.3419308903066587,0.82655691623191,1.6989611387059371,1.460453418285037,0.5813438285133832,1.22881674688445,-1.6496981898350853,-0.14612326144123067,1.2412291589999174,-0.6343327559716077,72.79365684853923,1
15.3,0.8183545577259723,-1.970129128736168,-1.7455638964245166,0.22895830411335982,1.8157350056219599,0.4709423911705266,1.5045737010390958,-1.5793120083724093,0.3038699724613281,-1.2732378019952892,-0.6722224976547704,-1.402954253580627,-0.14471242693654807,-1.815196606631206,0.6263701274942379,0.5855754678269998,1.6189681930075501,1.0723499687130396,-1.6978188220800217,1.4755835408502542,0.17170770104615363,1.7447213935890775,-0.031926662079906354,-1.6749000155559775,0.8163458677030331,-1.3071259323394604,1.9361959050309805,0.15693663747317466,451.22908168581404,1
16.3,-0.6941603345995482,0.6490847855556878,0.8392031258949508,-0.15960360873384394,-0.8977397406499761,-0.3184740749856956,0.8589351933947373,-1.086269046059813,-1.3686038167358499,-0.06405939568885755,0.6319877320202845,-1.733315027874939,-0.9140634394146248,1.8862918036992165,-0.9314795769724307,1.0875059555952222,-0.7773823408410601,-1.6567626865219278,-0.05506574663632513,1.4780969619113784,1.1086957252240044,-1.8077379167266612,0.8135791406088755,0.48356438959961734,-0.07070834037524198,0.6589180889129675,0.08724259090180952,-1.2679668643050923,348.054007932509,0
17.3,-0.760485849001471,1.4063472782016269,0.27281853014112745,0.04453277096009378,0.839858367000994,-0.030117507918390185,-0.46389994180430083,0.20881878304451806,-1.910845408568472,-0.5938264017507282,-1.8422195834945954,1.982983038093062,1.6315603873745346,0.6151772847653896,-1.3671461496063309,1.420604295795683,-0.868096159735956,1.2188968692373279,0.6043455945943874,0.41981109929782656,0.9657167391137729,-0.9304014058448868,1.3369667176168925,0.1701491723673918,1.0281932605890791,1.3589974410243775,-0.9818407293718758,-0.35725890489272905,181.4346937235272,0
18.3,1.5023776165096572,0.742474057272851,-0.040608691113641626,0.1811915788216032,1.5191036000635387,-1.7207738145308973,-0.568599311338859,0.74542707640714,0.13868832771972217,-0.01060597089590365,-0.9650933491923062,-1.1080190598120332,0.6809715050750791,-0.6360912316253113,1.749911386499111,1.6076188295570684,1.8810502093947692,-0.8936841009922025,0.05781922348605306,-1.582696166668332,-0.562952032964465,-1.701836063254043,0.006376985375549982,1.8278982181445254,1.0497242880664328,-0.5446890904225166,-0.8952084226967729,1.7259173353274493,27.28210687876515,1
19.3,1.4238484574778494,-1.7246748601913846,1.8042465952789395,0.5845525924385919,-0.4442478422390099,-0.2989765909203794,0.4340138843572223,0.10762938223508778,1.471406321670961,1.5808278782747074,-0.6936927374795623,-1.965177989397632,1.1146333681578726,0.5906407156184641,0.6200835878013811,-1.7028196605387884,-1.6966583374612947,1.59449600339418,-0.5444787591581282,-0.10903257140335798,1.8932846192752253,-1.2198572284963785,0.54050338887021,-1.7538636231875633,0.24465920072335479,0.9550965284833257,-1.3702631255809354,1.039071377100857,484.34120405118836,1
20.3,1.1623858253720925,1.7893957005069607,0.8667972441877025,0.19011504849719651,1.297537770037708,1.2253441801270366,0.5162769493599093,0.6754993068496242,-1.286405895127546,-0.6465247252873358,-0.6982834195678325,1.4353524667854307,1.1258954763399833,-0.8372846996366832,1.9755580883694237,-1.7634665950367077,-1.7533526580643102,-0.6890891275216879,-1.691068542645215,1.7999849967732895,-0.5652652981158637,-0.44698863132681765,1.4196240624539906,0.13164586456490346,0.5218439962805248,-0.24030716576920153,-0.15933695974985307,1.828627334622905,139.3760225569869,1
21.3,-0.08575442434469194,-1.4355535743879693,-1.4147617957121703,0.02674916640970615,1.1947398604802868,-0.27163788547833834,-1.7636896250278329,1.7400760026468935,-1.4499485833306012,1.5372668416668356,-1.819265098057293,0.5987716481060326,-1.4157541735555834,-0.9586386828878046,-0.3138746288853653,1.0216461856072208,-0.2592490103075926,-0.3268129132142681,-0.39049640889395265,0.08300187747274279,-0.8771232050293309,1.8123586330880443,-1.2384366779405376,-1.4697390263952599,0.1942665851995078,-0.5947441103051645,0.8854725166340849,-1.842004825265664,338.6276794655141,1
22.3,1.7089916151214553,-0.7995065474939915,-0.26822089508780245,-0.7301662702395966,0.13370460630717362,-0.87626350236873,0.6785709408481511,-0.35351506961469825,0.8325298526960023,-0.8339681856721715,-0.17370436835730407,0.22828770738941495,0.8740395193089663,0.609760641278998,-0.2836855524227073,-1.656450143581805,-1.5510576223808576,-1.4132029012050618,-1.264657896372173,-1.2663847837963398,0.6479355917511866,-0.636582814639119,1.6322091472649976,-1.0641748368830437,-1.0170082797282016,-1.2682873766663585,-1.4224124640034321,0.7285172863667868,289.6318347688645,1
23.3,1.2413435600168357,0.7025428561337388,-0.2853332499683354,0.4312179614754985,0.626435355660873,-0.2363138574410808,-1.6333778545641473,-0.5418860770578244,1.784337548407712,-0.5061767662473367,0.5556769989194681,-1.6465041518327492,1.0959900338205824,1.4569092066371634,-0.5075198021232152,-0.5118674936000871,0.051613181555645316,-0.9906707697857429,-1.1605048518484287,-1.4856781344259828,0.7481033171361084,0.03741771691393181,1.8248605243763456,1.8498696079208345,1.4967844026037787,1.7781720509026648,1.352705968410155,-1.9018381876869177,65.67804998743101,1
24.3,1.4951228286822542,0.46318662968255886,0.4784647915818616,-0.254725273315604,-0.3007601624401408,-1.4170448879111288,0.19233851114748468,-0.9009307860617084,-1.5124555742425363,1.4814758428527002,0.2987692529593282,1.5046620001609075,-0.8241525045826159,0.30710633551340694,-0.892712114999171,1.322954984734074,-1.1639683296233398,0.5907930778243191,0.21964191704858926,-0.6974552554869433,-1.679934914230952,-0.05316823917728364,0.09203653808001766,1.2723525658852934,-1.1874003596165421,-1.2584334757183857,-0.7780629934693071,1.2099668100050849,116.847566681009,1
25.3,-1.8716545846786081,-1.6713949745735466,0.8331466478919864,-0.012416679901047445,-1.549183174541835,-0.10811083555077872,1.7620556348741756,-0.43535778809644743,0.22828585020707282,-0.3187041672453823,0.02154897306022674,-1.8266863111758593,1.5316581639463638,0.3184199296304855,-0.6115712212070346,-0.862404765489496,-1.2518231340424095,1.7349533336697287,1.363841139139128,-0.4862909933892756,0.41256141823492287,0.2099683781635897,-1.1990871566476637,-1.8671586473520092,0.9414552109495342,-1.3492323759454123,0.2599894256963049,-1.931466389036558,11.897638214625704,0
26.3,0.6143600930754713,0.45107660033157826,1.964429603831594,0.6403942536106291,0.08850187589369707,-1.9473642584787387,1.8321565625043177,-0.04475504548307496,1.431733518302035,-1.8320139582762942,1.3405044360882101,-0.09628864875972232,-1.1328794323793967,-0.3756606342427542,-1.6994723502896978,0.32359166335568723,-1.1237625765031596,0.8066273765385001,-1.305226075937496,0.7593528175829478,0.47013589986439186,0.8470198937291422,1.8018798999494687,-0.8185599604638196,0.7318243695418833,-0.4109814057021781,1.5760309845343499,1.3008718963436436,382.0535074697352,1
27.3,-0.9538611324582305,1.6315448302727797,1.8752475713872623,1.7996860786185702,-0.6471929093920701,1.2877699141349996,0.7155221845437838,1.359051603734482,1.2084697360967303,-0.18194312061678541,-0.41924851263779095,1.182353330619439,0.6182884823890209,0.15834384027646298,1.4948731725356446,-1.8727828867001222,-1.9464291858455516,-0.14111916407227287,-1.6107155820665149,1.3688073792319226,-1.6473976660707832,1.5285136577470433,-1.0998934479840923,-1.4639502056223512,1.0150068033271724,0.7104829825667323,-0.35843927294983047,0.3848293133304712,276.96981926770684,1
28.3,0.030239227731998053,0.15853254249443438,-0.151914859210311,-0.3527450804727805,0.760020336860673,-1.5538843637839252,0.7691832614786698,1.714412678098415,1.044543567111055,0.1719766403518732,-0.5862380453200591,-1.6093804058340488,-1.6306325338169998,0.15695356590094223,1.5204146711028224,1.4644324064467966,-1.266577858848906,0.996795310584222,1.228655284703743,-0.08020489976594591,1.433162703195654,-1.253165834937437,-0.6577946659715201,0.05679356990195927,0.9068866742160755,-0.20476605251620894,-0.7913646748990466,1.4678295999099849,196.56258152267017,1
29.3,-1.105520490496866,-0.0679222215679367,0.824776693298158,-0.5530478996763555,0.6486394926664856,-0.02668515529567239,-1.9525311525492133,1.8493560954468915,-0.8477248314906767,0.18308261897922806,1.8354561378357985,-1.1731805524165644,-1.744256195670176,-1.178385515329961,-1.388168366971787,1.4048940268271704,0.06898171137466669,-1.8320419291964658,-0.9135358060078964,0.044385264039047634,-1.3026339213814064,-0.774480039235693,1.6184158026692113,-0.22175301436456607,-1.067137156869904,0.3903212878282907,-1.5488963824233672,0.07984697849193045,324.285334876481,0
30.3,0.19412602321361527,-0.7621952727430887,0.9788161781884752,0.46333662215532767,1.637892090601993,0.4289007642379028,-1.2679874178206711,-1.2579364453196833,0.8149461967837115,1.241440926512512,-1.7498064479312623,-0.3323767173915648,-0.8685968822606411,-0.13040942655686516,1.489760741918686,0.23879965830750516,0.9768119460674525,1.059455976727584,-0.889319656239572,0.47485705635063846,-0.49941223073090324,-0.10301917567339203,0.12201260651200707,0.6681479856930119,-1.3264376974817775,1.3533972442250795,-1.3559226092332377,-0.7477969607943984,424.7629093939222,1
31.3,-0.533015670990614,1.8081203866075688,-1.8502593694338478,1.8211042323393545,-1.1960767187625572,-1.8602139444138093,1.047974677581788,-1.3543795885574954,1.0086153824272714,-1.9719151646843458,-1.504290127377896,-0.5698373820236089,-1.662270799119904,-0.11544391125827991,-0.615663515221883,0.9541990790206669,-0.028399921057101096,1.8610854599223883,1.374089958441377,-1.315375134512427,1.6694175918367247,1.5792053709895457,0.2599325080561403,0.10752550235704827,-1.320273631305521,-0.7161121629658109,-1.1195651673996685,-1.2157267828581224,307.43520944632644,1
32.3,1.0705895235809737,0.292796133048721,1.30901397353554,-1.6502258670300192,1.3886360909416902,0.030777166849871307,0.5285183186958484,-1.0462639354515946,0.7841863614554891,-0.3757519247378269,0.8860133575146487,0.33676037972968986,-1.439449124785852,-0.7972672934705853,1.0079754838294939,-1.9361427679852845,0.5272881631556077,0.18163619240723117,0.858967217277967,-0.6841591296654492,-0.09210590975202582,-0.09263624077034205,0.996778004580674,-1.7081973852236247,0.040872697693967286,-0.9616318073707104,0.35714106857398953,-0.9621985111192322,103.88159302314799,1
33.3,1.5792852824624029,-0.545714624305734,1.5206546188495795,0.9415630390392287,-0.9244578997305815,0.21602465966963402,-1.9651093789719485,1.731450996704333,0.5237394820912247,-1.5497333793890613,0.0756489324809082,-0.01951776534039551,0.6828576851333552,-0.8425736275866771,1.6391401754562485,0.4904397858940057,-1.709276581699811,1.2749812155288525,1.538299951871935,-0.7825610558959548,0.8455728623603491,1.4408271133640937,1.5277578837028973,-1.7185952125595496,1.3475037889363537,-1.0067594042040562,1.2074365776779188,0.7464300750195245,233.36174187706592,1
34.3,1.2132323955754738,1.9773511875223018,1.8348172999580261,0.29299855731387625,0.9396948971222194,0.6819523861376737,-0.399077367248696,-0.004799499577069266,0.03129358704152141,-1.136988492239566,-0.9557349832206747,1.3783183443031128,1.384370396725215,0.7895754955958827,0.7542216502828909,0.04027577156449791,0.29257011952081635,0.6657560920272463,-1.9706769312314982,-0.22531341624119783,1.8788733612558772,-1.1772084131817158,-0.13011190112770654,-1.6899145756524585,-0.9800214929994593,1.2963695272806066,-1.8689788491072425,1.1952805100826605,399.1943950373056,1
35.3,-0.971505477573511,1.726147694433859,-0.5130496165169927,-0.1985693077742301,1.802933096355161,0.17811293440474918,0.723526358924393,-1.5584423217951109,-1.9809554599288122,-0.9416159864252789,-1.5771396434878535,1.2958524468008,-1.0011962485496309,1.8303278279668889,0.7133521672201208,-1.2329017295368945,0.8429306659499116,-0.7280077983590143,0.10783400840165003,-1.6963192306072066,1.3312174094199336,1.1489019121377888,0.32352948916877455,0.7625830130576086,-0.6403928033139432,-1.4892075400320333,-0.699397122712826,0.9595579635659761,281.98230304160853,0
36.3,-1.0370135034431418,-0.09985419869218193,-1.9423128200508466,-1.820882436138163,-0.20065916576497989,-1.4645304898573515,1.5555964037702812,-1.4850734071804168,0.9971537215120345,1.178667093950478,-0.7382401897899018,0.1681416206274413,1.9683282986948232,0.46847204971152623,-0.4514193978394143,1.903619694782635,-0.9613275440715814,1.821339368797279,-0.7602142495848434,-0.3139820142628391,-0.7373776742226039,0.6076484886058924,1.5295572805207502,0.7565250432497739,-1.2719690595001278,1.9612374283627414,0.8910308357779342,0.025001018085503812,424.9771280921718,0
37.3,0.39233482983914003,1.1434588350389578,1.106326799284683,0.6918001702413314,-1.7496883539559325,-0.08643782495711605,-0.9248946436488668,0.4318505512954176,-0.4123686752868023,-0.176535393853408,0.15163301860447564,0.3532776142531624,1.5613118840558964,-0.8714139973331365,-0.9006481200715348,-1.2622656334489677,-1.5499250728093865,1.3974758394911468,1.6781282198643823,-1.4964389293071427,-0.558939873682422,1.6167549446264289,1.4558441798612702,1.913630852696612,1.9700890865302232,-0.7852165848058785,-1.733940605999586,-1.0014073188030261,251.70204073766206,0
38.3,-0.9854874658464325,-0.10831399070138303,0.726753108573583,-1.3816243760894928,-1.5073233393260406,-0.6789291821956991,-1.6365093547919392,-1.5110422760561715,-1.5873871782009972,1.1988551583802463,1.5166897951234084,-1.82920248515626,1.2177136985212358,1.3742021690830333,0.6037105504094291,-0.8006245162992847,1.2801818967171084,-1.6743191042034686,-1.8137685322485129,1.818746875658721,-1.1147032342381236,1.6610937658116516,1.0165854305894038,-1.812630248516955,-1.6222896747563702,0.5852982638467958,-1.4159820154106528,0.6642853407719245,336.5348281399627,0
39.3,-0.09370184047816021,-1.152131247923362,1.4851608273539836,0.5224897161926592,0.7642552798465014,0.4862093678809152,-1.756416251183262,1.5443916505530617,1.1173984400505002,0.059889471764253965,0.36206315744242046,-0.030906178286153274,1.02173490976219,0.13241715028732148,-0.8891284699174005,0.06510030643208164,-1.1453053218797185,-1.9803092065036316,0.0832536418401415,1.4818155413744063,0.877610121678841,-1.163382931697742,0.03315987300533907,0.3335662099448742,0.31753647510741834,-0.15984741136574154,0.03760295976666894,0.7531367676633334,440.69560474500634,1
40.3,1.1365033699123392,0.7201250621290036,-1.5217035190988821,-0.9637406942153013,-0.7456531439332377,-0.5833911235599603,-0.035390855063643034,-0.8219037215764486,1.9913549794257457,0.9363140556476632,-0.5152607102638709,0.7999260872751517,1.6984129344485512,-1.3615334400464274,0.5167573777572674,1.8351062486009457,-0.4985937618496039,1.5096648368195997,1.2148840680289936,-0.7200538905134759,-1.422551349588125,1.2256483912587486,-0.33789079074278927,-0.5989519249734507,-0.14479763028467474,0.912771654553659,1.5767206368145086,1.666235849342995,383.4181658377503,1
41.3,-0.5230212765931728,-1.9723736627004151,-1.1975133324682714,-0.6389949347257557,-1.291012684545405,-0.09529973587360185,-1.4727352645100718,0.6121295886652689,-0.3557919196624355,-1.012168457560751,0.743491381623548,-0.6877591825576137,-1.9045307388412382,1.353415793462132,1.016369095932423,1.513078563044488,-0.8246633142360431,-0.9443441256925627,0.7855531694027338,-1.414530247400366,1.8663265075406272,0.6131329244440775,0.19361723153765587,-1.7936921989571983,-0.8668722848362473,-0.3065224399148532,1.9226482730007852,-1.4206536227952329,296.2921471639074,0
42.3,1.8849614628559683,0.9887491997165165,1.2496953900303733,0.9969164478086627,-1.2811255380620468,-1.0349310316414937,-1.8428630575748963,0.2055750406962975,-1.6754812236955954,-1.2466019734141578,-1.3036534178829973,1.6804007587190375,1.1584230985516077,-0.8570433511467521,1.8834543844172575,-1.3622415165497497,-1.4379385087914853,-0.4749156349439887,1.222213813718481,-1.6055109844956217,1.1553640962141922,0.17630616685492395,1.1937744286262726,-0.6538923457615127,-1.8315072942436141,-1.6041957274051488,0.8928536214256635,0.028071574463067073,382.1269066038353,1
43.3,-0.8828587922782893,-1.153870141427273,1.4030822426987193,0.8126422200887835,-1.380553301402486,0.9024862877986144,-1.8449822189952245,-0.13415033430079282,-0.9713590395844385,1.0584379893076927,0.8747850336867087,0.7353249497408827,-1.2108627780148908,-1.828467265533345,0.5602111626224495,0.7783482805794315,-1.9628810833763302,1.3537383913539518,1.5893868674385079,-0.5547491347903426,0.07616252092060138,0.6040500824808506,1.7030145818125004,0.5984905583669762,0.06270839147960938,1.0753383336208309,-0.04050341356815501,-1.8685415629114015,274.10025351962435,0
44.3,-0.659383600736279,-0.42332428606169525,-1.1153030139751086,-0.7523921490342933,0.9882912998055082,1.5419589185331728,-0.17427595780908467,1.3823734674985153,-1.498023924654786,0.0630738501714756,0.9777987032676374,1.1244316369267544,-0.45103822790187387,-1.3282063032074989,1.8430374474767075,0.4371214061282127,0.6125990477993977,-0.6160794245038259,-1.547641753245296,0.2815818543065607,-0.3812806354198206,1.560282835487481,0.6529470427623632,1.0223655269264,0.2788732821373783,1.011652785445933,-1.4643485006315884,1.985064838672109,290.7948524234598,0
45.3,-1.241265149946467,-1.6355472127987771,0.8211547666022052,0.9051160147856812,0.6665941953355938,-0.980996700137815,-0.052614301458066226,1.0723138244231336,0.562417072078985,1.6385270942525398,-1.6429201871640822,1.0997786836477892,-1.9470106375649001,0.5003414248516664,0.13670116374831887,-1.703596464336445,-0.32426837912389805,0.6719668830301235,1.469387406642006,-1.6914439231651417,0.038640486952493,1.181170192575308,-1.5326213349193898,1.57033904656888,1.7553303702168646,-0.6299603722432989,-1.1645472703830455,-1.418315286127236,110.5648995994139,0
46.3,0.8283620581229543,1.7473747723598105,0.2340082282221836,1.8126530462971688,-0.2925822515587555,0.6300611729687637,-1.999402639894269,-0.32541346368473434,-1.90880238665099,-1.4713131209223071,1.2349343951565852,-1.5422076585403004,-0.8011399932425767,0.10390765439769023,0.10119444846200398,-1.8781324768064027,-1.5581317188846442,0.7065957246271637,-0.3808780598357209,-1.6310693151008655,-0.0856671716600057,-0.5102244676020251,1.9981753168740997,-1.8083186566007559,-1.279179570722052,-1.701196384745518,0.20502881859855426,1.8421373971358594,389.0431161745693,1
47.3,0.15832097874650142,-0.5681926329949949,1.9092139378773134,0.8281116194923408,0.4165308913069934,-0.9737235991178399,-0.2533939093519071,0.1066883072967233,-0.48552760315627674,0.25677911621046245,-1.639694546877036,-0.31732761469174164,1.9474579127289284,-0.403407757927412,0.023790972695536095,1.0142553234049836,1.2493075548786972,0.9456408325337997,-0.47502404276937904,0.8470264592978527,-1.201536648158473,0.468210853068868,-1.9361648390550248,-1.2298427831524696,-1.2997630444405264,-0.591587247577098,0.9524259006620679,-1.9166721738010528,438.28454095663693,1
48.3,1.801570008709764,1.796029238481938,0.4580632737580155,1.3619036992572662,1.7635932447063558,-0.20850757235646844,1.4234169134063501,-1.8606732729461037,1.1233895614956357,0.5926951863506464,1.106141099913756,-1.4028701779275674,-1.6667315658354522,0.0924347757234445,0.42558769954113895,0.7494724517458837,-1.283565700546772,0.27143935408696107,1.8752421205138288,-0.987784260914077,1.2789475719250643,1.8431820199932298,0.691136714839689,-0.2388021961799498,-0.3268089607511411,-0.12975222995165847,-1.5010976721538136,-1.701466781793858,140.58115705901946,1
49.3,1.5979763709851338,-0.5512851312844163,1.5018102968883422,0.2522792133598455,1.5918950387752089,1.5865588161757285,0.8449461420205284,-0.20621712527843306,-1.025042742342234,0.25674399418616733,-0.7531653879451463,1.3137579219411526,-1.8290941893696862,0.5468022212809562,-0.6437956314723694,-0.3195615489627448,0.16948521577451414,1.9295443556367853,1.973997549034166,-0.5711247199938434,1.8294567027296988,1.8230842097505744,0.10447147010255176,0.25440434690553326,-1.2099904730568252,1.1569102043658477,-0.0582221944762078,1.0482962654437462,461.0065141116732,1
50.3,0.7801807235595875,0.19538784659253938,-1.4758660320036046,-0.16353828712711982,-1.7501957389474687,-1.2774386129681203,1.922310409845898,-0.47903437272761984,-1.459450934722955,-0.25973953717997755,-1.7599940949594064,0.4281837420875214,-1.0867410126021442,-1.1300944020027774,0.5476894475448999,1.7015033600926044,-1.945560856308599,0.8601081311703243,0.3281447024597459,-0.05225906494777721,-0.3145450552416684,-1.9555259138722234,-0.5929586170064809,0.09332703022624322,-0.6581872048227067,1.9762130045562554,-0.639382669573898,1.3825492316845454,405.48094530777183,1
51.3,-0.032329548546870424,-0.002373368249012131,1.3743514387186533,-1.5296637589165871,-1.10087574061115,-1.948220173127289,-0.03447049509918365,-0.18648422847558344,1.8228971242315484,1.723168812645266,-0.37633584272389786,-0.01597353601421858,-1.5799920351267298,1.0123595105745604,0.0764107289515783,-1.3287875170993555,1.5074824969252933,-1.8296751846074386,-1.2298243560458797,-0.09113441803546296,1.9880049877327575,-1.4453588488357032,-0.9339184826318663,1.1644812916592957,-0.65517125728402,1.7163865068237727,-1.9245785181324284,-1.0482642326381102,155.5962844100311,1
52.3,-1.591199243203949,0.6956488660554099,1.5469880332865,1.8970486893198433,1.224027061520085,-1.7976578545298292,-0.06760104235099673,-1.1271401887711323,-1.51228399742969,-1.0276229554580478,0.9404113247296042,0.300131934380218,-1.4782744916081012,-0.8574121554481748,-1.7360026323155813,1.7046201811591417,1.0165704729560399,-0.11061659381902222,1.8452459022999395,1.9121596648743622,-1.1732999177028431,-0.982698292210316,-1.2346523909826042,0.5127670009829108,0.3799311502435456,0.07336970720269909,1.095934188310927,0.1184418216476808,158.03377916150464,1
53.3,1.7966186405625413,-1.8004875813740577,-0.05537914913535946,-1.4417469317358051,0.9884991102632132,-0.27402630376365167,1.3554327505911545,0.6783588603774922,1.8368115185274636,0.3185393194884343,0.38269127886234244,1.8975536822888976,1.2123385346631057,-0.6484078661927248,-1.586098781989624,1.6860869032567223,-1.7452149230991059,1.6932681712077664,1.7334766703973963,0.6462184699791353,1.795457288982159,0.42905393952210247,0.9833465534567742,0.3837714301805768,-1.1103720917786188,-1.684758556902099,0.972202726897637,-0.19429679306576153,63.22582543371511,1
54.3,-0.9401495322412776,-0.9506901699147021,1.504641245540265,0.47312771299574097,0.9927243815130824,1.267740057399914,-0.25322803096350777,-0.19483269123742186,-0.271628372971187,-0.5702391464693632,1.1143452245529306,1.537590992076078,-0.8079865942086961,0.8452823659436319,-1.138578617532227,-1.9685028739547406,0.7407456718530185,1.105241392690525,-0.6806947451714547,1.9799132067720588,0.8761884781171325,-0.7159418568295832,1.0407309747279752,1.3750845776442713,-1.438891843271227,1.6472628155394657,-0.2625008827900057,-0.9029194816605144,189.48185779120539,0
55.3,0.10893143772966907,-0.8226599961021828,-1.759499855070045,0.5235252248800015,0.8703437719896194,0.7810032395415321,-0.4139232669310444,1.4309323563605698,-1.9307912546144568,-1.482946099513336,-1.9267169758713591,0.21783600065232323,0.09240749983039542,-1.0897566983552527,0.10207731945139686,-1.9856461439349107,-1.8553224061061804,1.8496795180002197,1.5427277024580848,-1.7224445819860899,0.6230912969680804,0.03271914523922126,0.1536715099519208,1.3622070788962048,0.5650215979447761,1.7636928601110147,0.7268251415620348,1.6608162949284928,59.097060865282934,1
56.3,-0.7217049518831118,1.683203888397781,1.165997832573212,1.8653708904124993,1.0211365736524352,-0.4365926964556097,0.09506434863164204,1.13027878502908,-1.7681258821180332,0.1568874039498538,0.27246216037887816,0.8718267935596753,-0.6316790410290887,0.4245940061134328,0.9441625272479226,-0.47357373535562797,0.7265826668956019,1.6138648991316584,-0.5225351702139713,0.10462411159943441,-0.06426070983345422,1.3544302514334117,-0.9201776757172717,-0.8555907489539321,-0.4299167210741546,0.6092266580807912,-1.382160385158926,1.9139278897770402,252.0076996086367,1
57.3,-0.3505020457435859,-1.8908922592677655,-0.4577011574307317,0.28605091028769625,-1.6385068508679255,1.9201145531349022,0.3482874595637915,-0.16376506336752472,-1.8848311284420767,-1.0139040443889185,-0.6509167271180845,0.5982569500259443,-1.3035673729242525,-0.05975487422580095,-0.9171595597747055,0.25903944141940327,0.7524164116151106,0.07151565375799374,1.0006761931377208,0.49099647014529646,-1.6655147845332792,0.6266815575002882,-0.06473414487828899,1.0362851414222214,1.7483190114937845,-0.5936105357828536,1.4001207357928331,-1.0801219495745258,325.4013374695623,0
58.3,1.2996178616443261,-0.21567953861933598,-0.18140206569575534,-0.009432137227199267,-0.5104081001674388,-1.0799858134192575,0.7688477997016583,0.5084003904830761,-1.7821715386657284,-0.91810973313624,1.7265946155863294,-0.8685091890510006,-0.8261620977369346,0.3123608245084091,-0.5092479709015154,1.790537511037729,1.930753272627523,-1.4835855851910589,-1.10030959909102,-1.3160402624858714,-0.2210234153267483,-0.8643846337631431,0.6974893667724702,1.5421430467178214,-1.7143899596402061,-1.895299404290554,-1.551552521110442,-0.7602538024294923,67.78434727967739,1
59.3,-0.5458636741912088,0.9093289288179554,1.867967089484376,1.9101472220042082,-0.3178800732068625,0.5727793257403295,-1.471085921767711,0.44196585272322064,1.5342638200796723,1.5402212524795638,-1.4394781018356468,-1.3356963946935858,1.6073478459748083,0.7893348646663378,1.0497285682922675,-1.730759866833449,0.4740226952766271,-1.908503052367001,0.9471271723563577,1.1785858862224612,-0.7119626904453913,-1.9885499092215673,0.9317283956332543,1.9934037238664377,0.48216254399452474,-0.5358682397798957,-0.6841043763627375,1.247606331368492,484.3704709716437,0
60.3,-1.116050446063345,1.9858197783268752,-0.28968305611705336,-0.23045332817757735,-0.7568163631206848,0.8992796883128777,1.9300159764196287,-0.12315195140930246,1.4201292423912792,-0.39807584097544435,-0.311698892122398,1.2087102185988674,1.8834445285802,1.0205348841499449,0.8189772018798984,1.3089661640371424,1.6766381253012006,1.8135009029116627,0.12639838334309417,-0.4490089660752239,-1.9719425039761682,0.1075168940443123,-0.5788539118488791,-1.9986049486540174,1.9725046466953526,-0.7701625091691846,1.7279332664585505,-1.9370766667636388,180.55490129158395,0
61.3,0.6924126682925227,0.6915573280849094,-0.04728314870316197,-1.6347125126273303,1.325252371061457,1.0447476413420325,-0.08891535537060413,0.24810699106454148,1.215532017479421,-0.02244408983977797,-0.09775696487044616,-0.06182644726845021,0.9445146588776834,0.9420881115954871,-0.6607991878851611,1.105483389210777,-0.49763251301976696,0.6946876295107636,-0.49036708457039024,1.5968122987524334,1.760698936693478,1.110686812016961,-0.4752231552890076,-0.594779078393469,-0.2664392920414653,0.4186675718587356,-1.8649563266151095,0.1814391399577664,464.28606181180095,0
62.3,1.5650851367271779,0.2888507310782664,1.9906007457255672,0.8917654873240286,0.8753025842929216,1.012061907310187,-0.31533436123468306,-1.5283134521624455,1.4189117713187782,1.50892526375808,0.8852257688425875,-1.129601192261553,-0.0024146001816447438,0.058011143647012986,-0.5438611272681637,-0.042038267710409194,-0.16990746769696274,1.9222193505321896,0.5076785158429415,1.905386826979289,1.6335112711031883,-1.2903126705203434,1.0850930524302744,-0.4754921014419362,0.38952928078121607,0.2522337928462215,0.9589590527647514,-0.7970143378144003,339.2710641497852,1
63.3,1.1296109213170107,-0.025640082788505936,0.5732653064708777,1.9860480757051149,-0.8789290121229314,-1.980879327353973,1.582477123180114,0.09950536715897806,0.5844928986815283,1.3219868769307688,1.5617385406506554,-0.4562350664274426,1.9491007146258634,-0.438158379589241,0.9068694692795365,1.327328033590018,-0.5489086864389323,-0.32057844732092766,-0.5339769446345222,-0.6315939678612836,-0.3520974455891732,1.3913012941715621,-1.757488006868765,1.9572004699636834,1.162387573504978,0.23784725392580297,0.5689208077067223,-0.8016240614535439,382.5561429656778,1
64.3,-0.47234177877693195,-0.0030615989051758774,-1.1245272825945252,-0.9972150288718136,1.4082329729268706,0.5687673241090527,-0.21139047348452467,0.5610393779390739,-1.259154469436237,-1.9850884152245167,-0.5710948495887176,0.30088374856035216,-1.261424569843479,0.16714057481632194,-0.6995077514422272,-0.9498601376484404,0.9602322276537154,-0.5567776279870298,0.9692840036779331,0.997969616760578,-0.4977797807365141,-1.8733318869590065,1.3713310681673998,0.20611273339860903,0.3202020947518891,0.7418816020624273,0.19461946710322975,1.6283141798915977,5.374006927599837,1
65.3,0.46523411791137637,-0.3707078590287667,1.6291405629184013,1.5818178775407845,0.38559711502616967,-1.9615549795364333,0.4938860881112004,-0.35133948936490533,0.29542287553590985,1.321436102503637,-1.4727008795668488,1.377649760662519,-0.7576681615370888,-0.9948029188312755,-1.850684440298921,-1.5735953657884427,-0.9288217926917355,0.11592918233716532,1.75933860800566,-1.312241809000565,-0.8438882212733247,-0.507862833881457,0.5601075087954706,-0.5848090414053781,0.679423824994795,-1.3986757012827278,-1.8248034589195874,0.31886811548719507,362.17063282713934,1
66.3,-1.807774116988107,0.6751503150324001,-1.7379071928803573,1.702692692156615,0.7624776988746458,-1.3582721530654887,-0.36193553468392503,-1.7772108932674597,-1.6490967610491247,-0.5924780107258645,1.510289133626388,1.6385046224631052,1.0127725592537629,0.5497583285963663,0.3367703949098195,0.04354019477675575,0.6237687747640122,-0.013497621103077506,-0.4092482349671207,1.347143196839808,-0.7960126134212668,-0.37692640533403887,0.7170642475794091,1.8558902843263718,-0.6216313738767041,-0.26741257697377474,-0.39201882775320884,-1.1598350678982228,178.037191851402,1
67.3,-1.2486832544420574,-0.08990826545290798,-0.86386263043853,0.3127528904716552,1.0931052042114477,-1.5378089063490026,-0.054336439277095305,-1.2498931813410068,0.5858007858362804,0.711063886983129,-1.1151168500372948,-1.0776921939779869,-0.7876500210354975,-0.6866793347470517,1.570681746193848,1.4960234744491725,1.1657586479028623,-0.42434102501853754,-0.17111606236058963,-1.1951100013314888,-0.15907643362178447,1.8035144653914257,-1.6348178750077058,-0.42260973072895824,-1.2184448908303294,1.3799813895052062,-0.7942647181672853,-0.050573897981765814,26.96678376307962,1
68.3,0.05602018231488426,1.2035833590696963,0.8858190029529562,0.9767042366615999,-0.9489355237462052,-0.9963962947054208,0.39099981594901756,-1.8030065605004708,1.7474806591909093,0.8822852745522574,-0.026117924739804455,-0.5545960690050431,-1.6903182581602731,0.21766420836359224,1.0922769627899163,-1.5298685253830104,-1.6037370871861487,0.7423863397635073,-0.12032900000832703,1.1663883166349955,-0.35410562208164587,1.9291133314892708,1.4904940310301011,-0.7146122990330528,0.14610185802543985,0.3475319471348377,-0.19828337812737118,1.2714396694218872,352.91078416788304,1
69.3,-0.9884377584495074,0.019404263859806647,0.17401327700992208,0.33406856214010716,-1.9357457390399513,1.2489436325084347,-0.20779240685390787,-1.3641507598672975,1.419701907768895,0.22585250739395413,0.961475077727576,0.9595139090504339,0.4908743714121315,1.656580734022632,-1.7763986564845227,-0.6671735966420949,-1.3449636791250792,0.5446557218576236,-1.122011132352612,-1.8867852657953992,-1.4548584563641196,-1.3023709661882639,0.16096727000449107,-0.17861254989076647,-0.14174120109314048,-1.9510978502046217,0.11295723185395934,-0.9859854470079434,46.620417088930246,0
70.3,-1.3962830052803015,-0.39666724348001337,-1.333102375303806,-0.1458946523994351,-1.3455520833933736,0.9401452098678251,1.5035810170574844,-0.7051952295613959,-1.7128225587418417,1.8607362495061808,-1.6635618764082594,0.5998377155269705,1.026260247141766,-0.06806269407073184,1.5644117588783812,-1.4107711136312457,0.8819351659308121,1.628309581161366,1.5883306363430476,1.3963109509619018,-0.2543261935365595,0.04700984028982225,1.3947739640676855,-0.4808266147825937,-0.9790563255699891,-1.8744874222473573,-1.1833975161976586,-1.4377367514767219,464.7514150775095,0
71.3,-0.5902975899661178,1.8981916674850812,0.7638937558011243,-0.2643341863741653,-1.5782675819460237,-0.5389413153049785,-0.8362710250048857,1.7940866691832853,-0.3170513236029966,1.8912694306192583,-0.919577789420964,-1.8102767279886556,1.5971279530557387,-1.6997202131899902,1.1522780994583544,0.3814834670373126,-0.8645479868683261,1.3366308441832095,-0.28338554149540895,1.9341746366604107,0.23217592484563054,1.7751419277852505,1.7221437382403026,-0.49523340000743143,0.7655640875268714,0.9121803774852353,0.6203661832271923,-1.9071246133482003,344.35115083492786,1
72.3,-1.2253764032580037,-1.6191850185883379,-1.730246534767368,0.17658477545195472,-1.575269361893067,1.3914125079291146,-0.33882945145348886,1.9820698431934614,0.9359984357092208,-0.2868561440467112,-1.2695983971973317,-0.293812724218804,0.42842619288779504,1.4456106527508918,1.56767614493884,-0.7016898379918062,-1.906380117808283,0.6587903588989148,0.7496436547923366,0.5894159272723911,1.2127096934809245,1.2484571979831656,0.5019208170221363,1.2860707425493794,-1.4996138057523223,1.7841978580302902,0.6656911017487879,-1.6221706773481226,85.06444513255529,0
73.3,-0.7757702201736403,1.7485340720414104,-0.8842078027760589,-0.05631808654452364,0.014382882586259083,1.7603091911729742,-0.7845012009600763,1.5684570331807595,0.893299623670357,0.2763899239900076,1.7845282643590852,1.534522807670505,0.9977746172198354,0.182280536370377,-1.8246336006474895,-1.1175823202102384,0.602932376437141,-1.5324076667264332,0.5727936318561859,-0.6120400381401341,-0.4502726193425741,1.2910313427061562,1.3629517206944102,0.99037891856862,-0.21346695704564134,0.144297692648093,1.9422548616945292,1.7037304633283221,304.204473140667,0
74.3,1.6066739190039327,-1.8173943539115953,-1.5312741482938867,0.6357934284604125,-1.2144839538823988,1.0140002208005852,0.7460951242298046,-1.338899429446287,1.6335110651892188,1.992988785099278,0.6275405204041768,1.9286064459459467,1.2047220256070972,-0.10742039429033223,1.2978270213610221,1.7534151204124244,0.7842880979808058,-1.665350869105331,-0.510115670888267,0.8157451191310492,-0.5364268697205925,-1.3337367577370105,-0.17507621786806782,-1.4359960690341027,-0.10229961442790714,-1.6039445598814832,0.9066261362782368,-1.1478220392316807,467.94920173767525,1
75.3,0.5250695802982697,0.5739250837521017,-1.2043977450585444,0.5086070155733324,0.1967805442413404,0.46288924695915723,-1.2596860641314862,-0.09276633273550017,1.3439539333703276,0.4726259911023578,-1.0251008924842653,-0.6635016682907686,1.5167382616044387,-1.7877500179588846,-0.08771227224878375,0.053189304536247484,-0.27958819302651605,-1.989397647077399,-1.574521731748792,1.3683018022845648,-0.17971155902103586,-0.8330750643375091,-0.193835363002961,-1.790500449453455,-1.67494687761892,1.3151020228103505,1.0386425054699533,-1.2118854883373236,159.43317479545246,0
76.3,-0.728527088536191,0.0841647088456523,1.0107472993105309,0.023581749042966837,1.3910130656238628,1.9930045223470048,0.2695653377038001,-1.8265187862518482,-1.4624231844771765,0.6903152313173768,-1.4786974074922004,1.5968891011040687,-1.7829584595713484,-1.778415597708693,1.9832364998999497,-0.37326022424214633,0.22044344269417504,0.3846655280456077,-1.5261374111934747,-0.6577765025752278,-0.5246938938564325,0.9512382846607204,1.1291046837652217,0.7787076262834978,-1.2768924856555635,-0.15417871490046497,1.6630624907070723,-1.3020240025145795,175.10289077771526,0
77.3,1.9810019942111663,-1.8987130115106603,0.7646477099329863,-0.15472367043804924,0.11569043759464126,1.3617637748849591,-1.616569612251451,0.3930338152061088,-0.7322063618593506,1.0215674215223443,0.8578665096911826,-0.33683374928673526,-1.3918340872890074,1.0586843165655266,0.8032854998610159,0.25452343103191577,0.9830411554384102,1.7959289267864649,-1.0220528324348042,0.7583873316646099,1.2270285749789185,-0.9364660163067269,1.6122743418404806,-0.7455543078756368,1.8241424816301475,0.32938426989893577,1.8912336151617621,1.5375190270487615,391.1798005737584,1
78.3,-0.1670856079537586,0.34876797383438696,1.2203247222642255,-0.3346987625601585,1.5956311578251285,-1.1330408626053208,0.08328637057698884,-1.4197333456375865,-1.3166796512493613,-0.8367157872482354,-1.809886908427556,0.2791905056689048,0.48073132293691323,-0.4171316730519443,1.1907353601189072,0.18325241458549346,0.7333749195502222,-1.6586418010729234,-0.6812087613054794,-1.9152745373770315,-1.360463662324324,1.3993279742784046,-1.4579469529403428,0.38409451092317415,-0.48974796102271956,0.6902293111198219,1.486030158209307,1.3184061372774747,482.4737933745558,1
79.3,-0.40571843527342555,1.9522000696442476,1.0504930430185473,-0.8881791897640321,-0.6867843280365817,0.09424905591946908,1.381679603741199,-1.6036361380607067,1.5646653949238845,0.6816470655364233,0.3720746341351284,-0.37206510681198157,-0.4737411553614197,-0.37659481278701223,0.8626998795468963,-0.22900852266514926,0.8550240345998068,1.5049902074166361,-1.6522659078072381,-1.924806882834953,1.7649775535628907,-1.2265448229336942,1.2565107066660413,-0.38075914739316463,-1.1009321565102241,-1.9509777656758929,-0.2856273884836882,0.3993152076933435,28.149387539513345,0
80.3,-0.8506447609043248,1.5240379840023919,1.000033520873158,-0.9739903370327312,-0.3863817699917189,-0.3339747014903591,0.8343636447480587,-0.8602870509408853,-0.5794915128494225,0.014937094215928592,-1.0515425276642736,-0.28315796664091497,0.9910260053824471,0.018400734153242837,-1.7763841397308844,-0.6040800537307192,0.2809755518309194,-1.073182170120751,-0.4493517735899659,0.23818448292943595,-0.5423797333421039,-1.268674054594431,1.49977910983212,-1.7379441778148164,1.625105984037929,-1.6200079975379271,0.21588674056320611,0.1801228283145142,205.33193110963552,1
81.3,1.5335343404362405,-0.7238062678377672,-1.7596769238958423,-1.2005713857990536,1.5135199127826553,0.3952578800164095,1.0162311896509713,-0.4422787885656949,-0.704638792127199,0.7604425170131912,0.2719328176464675,1.6531420142632327,-1.3573244691127102,-0.627155462749875,0.7650203325537541,1.6274144546759493,-0.13332472719617083,1.1503025726455798,-1.5619390360805538,0.5585270147028809,-0.6831491745973888,0.7736147067140067,-0.8105895670593628,-1.25253619490399,-0.9235732398924883,0.894254517544014,0.8492502415092469,1.651334238872848,207.49112923926774,1
82.3,1.2346665017604295,-0.9744635024672212,0.8717494141509903,-0.043887393378221784,-0.22339103047738362,-1.877111824127844,-1.0925875597016108,0.9925893367746417,-0.16097479135642834,1.5268626510662502,1.2276262899738928,0.13529498890539227,1.932023780348187,-1.9900612739801797,-0.3964013884201001,0.1344237458443187,-1.7844400990079095,1.4842383311267593,-1.401014920939963,0.3212850358372421,-0.9156429613204868,-0.4728803412177265,-0.1382934198631922,-0.8420686292558881,-1.3149912821905376,0.6686878749698275,0.5049578178512433,-1.6771632131108682,486.5565422490041,1
83.3,-1.1076314744280054,-0.8743779956135302,-0.5421689527485332,-0.03875398932346075,1.6124385101897034,-1.5954275100600714,0.2968031493714771,0.49698858907359433,-0.9697305398805849,-0.5789676884638775,-0.22045784068811303,1.548169396354167,1.107363018375859,-0.0808298806251031,-1.7241139647578305,-0.5687498086915506,1.2669265354567298,-0.26287580272163513,-0.43700373972435047,0.5553263158387494,-1.8381339064968323,0.5922214724906927,0.7422075187146429,-1.5490521129724018,-0.33125759159498314,1.4238626755971073,-0.9507300543264905,0.12036190464752794,173.52514633080867,1
84.3,-0.43633018828679715,-0.6233078469429558,1.6986164337380805,0.7707437535940684,1.9947868121612702,-0.6609749147627086,-0.13377420594027578,-0.5377990447629646,1.4676481404927082,-0.5311818518058447,0.7201994555461058,-1.292528020464745,0.16928057209761072,-0.9212547244401015,1.6548666587471241,-0.5341345814198575,1.8111542512477632,0.266863446760226,-0.6355741262119667,0.20406663679700365,1.723628336805548,0.7739876575072602,1.297072208603356,0.26586566553586266,0.47363418738451335,-1.4402183863304265,1.3271003856019727,0.5608868195751224,324.5367554468666,1
85.3,1.0520452628471237,0.10866468274711671,-0.7183380314987327,1.967313096066074,1.089525041268411,0.7153312898232351,1.359416567509002,0.7845243528106338,-0.46130492304318693,1.8214491014311518,1.6231755139323747,0.6852672301925349,-0.26071430448969624,0.0025413125360644884,-1.8173057923138267,1.5564003648226015,1.3232311113660864,0.3786054441986799,-0.13613043953088244,1.214668516319044,-1.9147941329063038,-0.3990034468292234,-0.9975337555252168,0.431916314881875,-0.5834750444728045,0.4283368490510231,1.5897358478261756,-0.35741218917756123,58.36150848646851,0
86.3,1.3415511094597123,-0.1262667587731392,-0.23423116528196308,-1.88016069150672,-1.5875933552793051,-1.9975825703264785,1.5829939173947127,-1.8104885968563713,-0.7129530399138191,-0.10709130587769788,0.2932443772554909,-1.1107966082180347,0.5829882114581477,0.557049341149519,1.9390778968199331,-1.6255647242895286,-0.8164600210309225,-1.5888778139517847,-0.8414663007043672,-1.147101824510104,-1.878691504143024,1.2289037490111556,-0.8984605670765373,0.9793035229922764,1.2553002884293414,1.1850089656067904,-1.9001605312004757,0.3463650659858599,425.73474058014324,1
87.3,0.41587223162612874,-0.29800355115317556,1.2904499793849147,0.13448292241290716,-0.5925505958048611,-0.016565806475676847,-0.11427585489608694,-1.2512111692188066,0.6907600189294749,1.3372530480495106,0.6148193487475555,-1.9584696836422508,-0.37989564501397544,1.0650912065067168,-1.475672220119864,0.02176494781927829,0.73315938764472,0.1367613800940588,-0.6781449869562213,-1.9320557758352974,0.8161495977977298,-1.3345741963142346,0.40518614776322437,0.09756622581630126,0.8915889451089329,-1.5521537511349481,1.8951810608969364,0.9918633798344496,436.4504302324147,1
88.3,0.8810188634154659,-0.4862052748441412,0.8006552783886831,0.7930859097374405,-0.3647034220147005,1.7901293574143295,-0.24709501515941668,-0.1320824293099636,0.8603704816119464,-1.3943950613770086,1.5831957567286814,-0.6712609911654548,1.5498788422788508,-1.419952176057115,-1.5045940345059976,0.3621033560802962,-1.0374102833727026,-0.2403027978371446,-1.199137070773162,0.8969706504037753,0.9494140374998246,0.7446938475307392,-1.4628667467572622,-1.8112835847693152,0.3312622794852502,-1.6742578703167306,0.8645516117524741,0.18854911414382203,466.2448931916405,1
89.3,0.6210601907606343,1.3094623066937259,0.03011009823196842,-0.836862726061494,-1.754776285484931,0.8141106890651231,0.6629875526272584,0.5299582685117694,0.0475495192294173,-0.17951672242170646,1.676700531517763,-0.49439450964573917,-1.4404596452640233,1.805009334651543,1.0458135222792246,1.5849669963615174,1.942219959062033,-0.2536292518397891,-1.378245274799581,-0.029021168536935704,-0.03946605934640246,-0.4502460676063169,1.1448460604878776,-0.9999191631639324,1.8812209932896522,-1.1512569127078476,-0.8644417101124162,1.3191448636693455,117.74733256514943,1
90.3,-0.90465544140869,-0.3635334563765862,-0.12144291485789216,-1.013882597617953,1.2929361369911732,1.7633355072656878,1.699321755562698,-1.3637514281540404,-1.897011468779521,-0.23921482194333565,0.9610922021098469,0.1883807125544381,1.8427879967580365,1.9502754284608015,0.7310506970076376,-0.9550305444205955,-0.39342653038594166,-1.7392157636283723,-0.4246560212297843,1.0048878296361003,-0.7350063346273221,-1.2596808375761395,0.1549976607609449,1.5841263818054871,0.582808076924342,-1.5599555789004347,-0.27332799832231025,-1.083616043477038,406.17264297544085,0
91.3,-0.22574070810684477,1.5104000309424475,-0.8124991368057173,-0.20527768191560547,1.92148289402946,-0.773886307417702,0.15851491792548034,0.593576990022775,-0.6605587859910633,0.5159300076203528,-0.31423192221092666,1.324376604570911,0.2270052546648822,0.9067695659332218,0.29259316851964634,0.7887270112990539,-0.44004615566917993,-1.4087082649597589,-0.5456890032603949,-0.6980997113119174,-1.9424618345840243,1.0765169401055648,0.0990482556303034,-0.0794452071443632,0.8178487426227123,-1.7340559794203605,-1.497435642276221,0.8681509654159019,21.320573240848088,1
92.3,0.03223265495423622,1.867890307800908,1.4364264961526527,-0.36769356069821857,-0.6252606651265986,-0.26411392198812944,1.0774904554162914,-0.15283284702385647,0.8803273891523924,1.9646843380856094,0.9953594017921579,0.05423087946364902,0.968744174758049,-0.02399310627111051,0.32346583101897064,-0.3186181647941777,1.7414986476742547,1.9486798295062209,0.2721163528087067,0.2344709790595596,-1.5874845169290825,0.2619250916389997,1.717112209866145,-1.03058747167012,1.0987819502973122,-0.9813638729905243,0.8549224994662143,-0.8715609824723862,298.1764073903494,1
93.3,-1.8708488636467444,1.3607908857767144,0.09430386421395776,-1.023308059268818,-0.7709720783440788,0.21797752926852132,0.9644084127696582,-1.287695932057471,-1.7192993111663668,-1.0748994398088643,0.5376551553238023,-0.3877682063497141,1.0515088228860368,0.9083994553036137,-0.5288316700269253,0.358269249921797,-1.4167952708349585,0.4374485084511046,0.5890405863699231,-1.0541718074944466,0.6657619547638296,-1.4452437158338642,1.8875165746641107,0.19130987401497457,1.688519194769031,0.6746696973363542,-1.1416212251585311,0.9293034139461045,307.65694080595955,0
94.3,0.7714714071277013,1.0407377348965023,0.7191317874359644,-1.1274283911308993,1.861911648158094,1.638289699641736,-0.26361521759817963,1.7070006796731274,1.973981723866173,-0.6219281407668111,-1.235316469332075,-1.0237424617850461,-0.04128293865669441,-1.4222009394291075,-1.0508890739557084,0.9287004679421091,-1.9253564944558614,0.44786725083255785,-0.368407935306176,0.8402284504110376,-0.9649133860969545,-0.08609123579652245,-1.1482232766564824,-1.9369438260222536,1.45733074318077,-0.5339079569371923,-0.8193299781045567,1.7380837925566306,185.68432522045123,1
95.3,-1.4376500227847848,-0.3531027792976382,1.501301339038898,1.2978005193143045,1.271953356767935,1.6588886658940067,-1.0767685713548993,-1.7901121012614718,-1.4793710589397873,0.6021975500774093,0.18258039744532883,-0.5230895213300122,0.8485973783466796,-1.1202492255985237,0.431882186242877,-0.33087602095089963,-1.442254315678805,1.1024881950041503,-1.2626513344722596,1.2009400180219192,1.0446728630265874,-0.2522881650361941,-0.18622591917559728,-1.1798571468505576,-1.4423706436108819,0.7852093117611401,-0.5168324104131021,0.25102886685392045,184.6543440221241,0
96.3,-1.3479149305888019,1.0494726424787406,-0.2683628903076638,-1.3896347573168981,1.4929690610059825,-1.383604397007388,-1.083161555348389,-1.3713743435003893,0.23840652308772636,1.1105837561407914,-1.8760016207093213,1.699486008755061,0.8097595139863278,1.3243984710084806,-0.31258017594400833,-0.2525525291987165,-1.6244638809727765,-0.9501718092435305,1.4833997254392735,-0.8599916315823473,1.6033761221156375,1.3340570519849693,1.6824995481207354,-1.4376753012789631,-0.3087289876049861,1.3344440984295671,-0.7546495417547496,-1.0209524780443613,11.254978693920139,0
97.3,0.20035404276812807,-1.1531317109876564,-0.9639195263530937,0.531677283418059,-1.308939663896596,1.1440861961191908,1.4889310995987417,-0.319412923229506,-1.4790474924671555,0.28290095040588215,-0.8188014420229295,-1.5799916659785764,0.8372862239711307,0.23717166173572224,-0.9143540721803607,-1.0111426815937445,0.8954396073695663,1.6670454465426672,-0.5931872543737198,0.3417574064552258,-1.1171476853325504,-0.1392842842816111,0.3217655730236437,-0.7793440019811597,0.4197318283964706,0.16785140981628688,-1.8261762563627832,-1.5252542680570254,207.6961687262039,0
98.3,0.18509568261487042,0.372749415326449,0.500637390955637,1.541313866453358,0.4328648089322975,1.0861531618187659,-1.5382434392788347,1.4918576651671116,1.7187819660747556,0.3653654275538276,1.3104455549247178,0.2000430913188258,-0.26188979205337937,-1.3586027144544262,-0.0777612891897852,0.8533950426272572,1.1772958463250802,1.5752698655059305,0.07246655145362668,1.7798943921667045,-0.5119605454483867,-1.9252354632091895,-0.2952919418369455,0.1634582106596265,1.091362470671481,-1.0663420407691637,-1.899014400493499,0.8905508999142016,96.41974193382113,1
99.3,0.2641756334071905,-1.4566902423700547,0.08374233661815245,1.0891475676524793,-1.1051057909921567,1.822985363385814,-1.7739904398160489,-1.4059654698817718,0.37798955301291537,0.7060665601280491,0.4087840670195364,1.6934184964697696,-1.194613137315096,-1.8158809141894747,0.14942725857567885,-0.5940779255208057,-0.41516749292262345,-0.41766020830686523,1.529137473033399,-0.8589000231199302,0.768258708369522,0.2699449467503672,-0.8632110680669483,1.6478716877309614,-0.9778068223511105,-0.7976441970328043,-1.2295487987290121,0.8035443398488802,346.8976986009462,0
100.3,-1.5294255288642162,0.3818499901550543,-0.6504459460634648,0.20227900307595315,0.6222174090310473,-1.994526531905212,-1.8173674840942908,1.2757417344146056,1.4716377110734524,-1.6503633048736046,-1.1078037430495415,-0.2947370566441707,1.3313194831857333,-0.7641043110611037,1.8257541498092027,-1.6365807085176343,1.6213689448321023,-1.7723186042610921,0.4072228871845631,1.8870594634907483,0.8869129873964727,1.6547327749163614,-0.5944576785010027,1.8207161305455553,1.6145476137526615,-0.9025160034550188,1.0864103024186846,1.6705398246762106,107.6443361725669,0
101.3,1.081953519309577,0.2943580252718001,1.670964777265124,-0.26599975405004317,-0.20788802891472047,-1.3304137178870006,-0.9023781540059979,1.4992005907553083,-0.954569185520366,1.5851103318383366,1.2117015740981807,0.28114540675854016,-0.7926966154575359,-1.9941369730615808,-1.5283467889190971,1.3125417664607544,1.8344717409716798,1.8497304326296438,-0.8792583471103841,1.7467814945823634,-0.23886762497078262,-0.5287134445953741,1.6349805084496816,1.2783114539230178,0.714287230284238,-0.8557816532899474,-1.5717171031622041,-1.2683782845193665,132.3836250567893,1
102.3,0.28356514578267245,-0.7415652891564815,-1.1379317667589093,1.5082116977630649,-0.5259569721590922,-1.9874775467953683,-1.9623530026206857,0.20659756324326084,-1.8812642042986205,0.22923908887461408,-1.8975678028965315,-0.1226498685482742,0.47533828064934847,0.15975357510187838,-1.135277048004545,1.3541878598113892,1.8899163950538607,1.255030722668967,1.7279345092154252,1.8864497384602013,-0.5288507913763141,0.17393363182788812,-0.34478989967771634,1.1460195208826915,-1.3276163434133088,-1.0941607857255855,-0.19577583896202588,0.17746440145034814,495.4411472560393,1
103.3,-1.984345824412737,-0.44840062280253257,1.5072801917663412,-1.6166651018559657,0.07463080323534355,0.3984571675126589,1.3563568671731883,-0.6911148270005203,0.42919529609605256,1.8099863572633819,1.8894152625336558,0.25983907030824627,-0.6462974905388386,0.6008168255836841,0.9214944648612646,0.7209382184390165,0.7005029079571683,-0.4611781814595082,0.8644805974442997,-0.59336056200197,-1.0696919108441425,-1.6005253174397178,0.21335724115192045,-1.319243659700867,-0.8714819467768176,-0.8098051230953764,-0.5124128004216257,-0.33391693909461173,487.3874982971099,0
104.3,0.19661207686859505,-0.3980214294317421,0.19044957999230494,1.2564079064176852,0.09059371506107006,0.04944046158127291,-0.595653829107619,-1.259042689333544,-1.1480168064618543,-1.6428385952492564,-0.862066536159102,-1.8377205864933295,-0.3374235008154214,0.29197683699668575,-1.5414262342039176,1.023250088173171,-0.19299604623078093,0.49488535590257765,-0.2791447952533237,1.1776614876151643,0.7186324185614446,-1.5165464912812059,0.19530346320466618,-0.9410951096152393,0.986738931760498,-0.5176475077104938,-1.1038150380687566,-1.8649817209117865,493.03071035072577,1
105.3,-0.9943779508530435,1.723427456203217,-1.7963931903185117,-0.3576407043738161,-0.26860116966124625,0.7210718600647636,1.1296239271628168,1.897970690823366,-0.7252285554736715,-1.6620411507605315,-1.1383552155664547,-1.980214907876468,-0.9236964695821523,0.481136505168295,1.5769200670436114,-1.602749161454005,-0.927738686067106,1.5573320330407365,0.3485359970733768,-0.4017754627111163,-1.7118584464401891,-1.7751118623232491,-1.130722111086766,0.46520389883127944,-1.7681736407285138,0.010765808562021029,1.2712184670255877,-1.9905987892963348,144.4524775394077,0
106.3,0.4394071800257029,0.9430175354135781,0.7143651093824901,-0.26355313604458885,-0.647794541987655,0.5052552894082245,-0.16119099746049104,1.7165912256430582,0.11658331961542467,0.34225134489961384,0.6637128997876784,-0.07043656716901925,-0.031060759649637948,0.6544280289256883,0.3986198375985013,1.9941902721942957,-0.7789654624751257,-0.02240518775329825,1.8982002086011818,1.2580913672220007,0.21644711324977495,-0.782790264591871,-1.285655538879642,-0.3363159618522156,-0.2944397874949325,-0.27053168038020736,-0.9759168091125248,-0.07775772924399726,287.2839533006971,0
107.3,0.6355014976281748,0.8402763833616032,-1.2187704811977746,-1.0048469884003577,-1.8470652946710149,-0.11362361795289377,0.7002897710338938,-0.35292535956444304,0.3556178829502943,0.4201883061015357,-1.822696711491011,-1.7851799784407234,0.028364228161527727,1.6986705169950178,0.8242871633412423,-0.21717489665099965,-0.9613519806141917,-1.4724555752859132,0.5846958664341804,1.058335232645606,-0.4287934799557127,-1.6587179800274252,-0.8917166821946361,0.8288274831116604,1.0836611987658133,-0.39878290178240494,1.548924185711162,-0.44117512801845704,12.768899994660554,0
108.3,1.5604413906217176,0.8224423893973438,-1.6535260557291327,-0.8545406515638065,-0.4209226998387341,-0.07498239447565647,-1.8987930702318536,1.6873196412624591,0.12445200607599638,-0.9442182128433969,-1.8739596836823047,0.28471263200242314,1.7313398970876812,0.8747005690203702,1.4351367216160873,1.4943296465457734,0.6605095167289852,-1.7715967840167406,-0.7558076907815976,0.32719199964777346,-0.33569480123686324,-1.1315590335706718,-1.7294366610283332,1.462173263263133,0.6683138205550767,-0.8046729191053363,-0.11978740418142264,1.4898802330433831,72.90512448034154,1
109.3,-1.0677512073382607,1.6192556253909718,1.2016848657409582,1.7922343108788565,-0.46859652230583304,0.030153340080910418,-0.7140892032375015,-0.594903649460945,1.8138157259652417,1.8787245421132677,1.9767714592894068,1.632943408457963,-0.04233328978883533,0.6418030113252029,1.631660157167075,-0.27664494144972007,1.6752552472778293,1.1890380335421185,-0.863960787337791,-0.5617817064773396,0.762106090667602,-1.3437161381136855,-0.9761969215793109,-1.225292829593291,-1.5729313597277734,1.6333272842731925,1.99032132365832,1.2816158032244518,252.45782246833966,1
110.3,0.7481105877052405,-0.23469258860886866,0.0815864656067613,-1.4892240058330266,-1.032063872569657,-0.6247477789901468,-0.5718119776878385,0.6367850098223813,-1.0336442540997313,-1.0492886773638155,1.4982760722400532,1.1279502830195995,1.7287938350456429,1.1159365927901699,-1.2196816737214031,-0.04846692509105388,1.3357497784865489,1.225326331336031,-1.0872313090478012,-0.07013867107790661,0.3566040662961094,-1.9558094290314925,-1.0256532012212238,0.9662788698071356,0.6665236516596038,-0.21149625550917017,0.28415909960411057,0.11069509115234988,173.55047055618513,1
111.3,0.9680198556021478,1.0902451962610424,-0.2604469800921101,1.0780921913993802,1.3100428126869947,0.7663564777199281,1.2323468395554733,1.8656100000071092,-1.840575987041253,1.7679113689564976,-0.19092044427246657,1.110938476678613,0.9482190519728442,-1.6059712511955242,0.3459588261761679,-1.6433723345412998,0.9269683459292999,-0.6448939072692537,-0.4940549006214754,-0.9083040731968763,1.2387070560964926,0.563049505878864,-0.8058490030509624,0.9644120874860751,-1.2586157680645291,1.2080763439143452,0.4177180265195095,1.0637338846718078,308.4896417976549,1
112.3,0.7804523563559123,-0.1445000934171925,0.3621216412389825,0.26752715891943524,-0.858421232196446,-0.7751326338811335,1.1954038297294325,1.2718292500772281,1.860837944951229,0.7450478234963902,0.019248795479856362,-0.4201744859237162,0.8207966915933591,0.5962843069471395,1.7730086744389846,0.9904639804521689,-0.464875858117777,-0.8862002820788764,-1.820202174361727,1.1214351752986347,-0.2888450615562359,-0.42272644775789425,-1.7886387250118,-0.018999042065793503,1.5931359535044178,-0.8909563692013642,0.9735149238414502,1.0357484778815653,330.45196607221624,1
113.3,-1.0024286469355155,0.6979714297262789,0.33813329173248396,1.8674245709035455,0.06095684970295956,-0.5819292602669606,1.624452743324861,0.4980557587496972,-0.6344942414312786,0.5991345767757745,-1.3900236158960504,-1.2452251065733897,1.5366392706477807,-0.14669824680472798,1.2076261937279007,-1.1410476972510941,-0.11708113926295605,-1.0512826811193392,1.2088769500755823,0.3886952359629632,-0.4263026519933093,-0.46201102187871346,-1.1550521414144068,-1.1580605421461203,0.7617727869372364,-0.7511910131146373,-1.582012784294366,-0.4566255007796096,226.98141161334345,1
114.3,-0.45857156499298,-0.38694129409033806,1.8879496883010636,0.8843197029624248,-0.16485339764772267,-0.4077421956511844,-1.0988685884001148,-1.3897190850353844,-0.11055570186609254,0.561623975948264,-1.5764900150791785,-0.09427976279128014,-1.3070643081979916,0.40698434422426333,-0.6218242567917818,0.6633785988967134,1.1312832419599967,-0.3818484446933099,-0.46952251751714913,-1.684674428448694,-1.1528661272797787,0.48647920317984505,1.227532167132709,-1.4454926373953256,1.9046047153415642,1.6568837892975026,-0.5372021965933729,0.15647791810704437,336.6068094535035,1
115.3,-0.5346541715750055,0.8869717556700798,-0.06182641949980372,-0.2522068797199042,0.2511534823968735,-1.5350197251891036,-0.11765952718264083,-0.8220847974218892,-1.331025359665388,0.09767608847249853,0.8091583107150999,0.10358470654123186,-0.004130885690006192,0.6791378443157012,-0.3134892350211791,1.9267230918573781,-1.1437465481083513,-1.9669478619190035,0.2741215516198605,0.7812527876798518,-0.4701167535544686,-0.4036199013781623,-0.6286466048560837,-1.0277807096993392,1.166746626522852,1.4530835461684428,-0.8835634470012184,0.2582117448921064,230.37205822262624,0
116.3,0.9340455718653216,0.12720809227582963,1.9626361525199467,1.6392995827671362,1.6134909966743076,-0.9526652591273224,-1.561159183807454,1.2403225924668688,-1.5669004081562141,0.7491464183641949,-1.2977589251610913,0.8205725043214365,-1.784808024563481,-1.6497165233450701,1.4715605468588673,0.06182754667780532,-0.1979796068628068,1.8884168204160474,1.1371373415154724,-1.0972577292149457,0.8238983488380116,-0.45803454251329656,-0.14431153175904798,-0.7480536173891297,-1.091758329616248,-0.7891125574639961,-0.9089557549059895,-1.2444220392665675,437.03834829598713,1
117.3,0.2424038364124832,1.245001999244797,0.7130424562376088,-1.3737102163649215,1.8117034590485948,1.7271252161495698,1.3572296334484042,-0.6818969663135919,1.3212860868383167,0.5672380545103084,-1.8750141559086018,-0.4899097192629438,0.7920875592306227,0.1771557532454957,1.7911486271661414,1.1625048238177507,1.3452136535744605,1.9211527511781403,-0.6278913218953859,1.6314558264736694,-1.9902045764270548,1.1946492239366906,-1.6485339068094098,-0.0016432109524773253,-0.23561428000329032,-1.7127024236478072,0.5459930133086006,1.150183899135297,112.53614720815106,0
118.3,1.0832025696774021,0.11414177436345119,-1.9261659765284644,-0.7733037402145895,1.774929075039486,-0.8959788340834014,-0.8431555243396445,-0.19587708694043204,1.5458025831418407,1.2372692659484454,-0.4598020224682182,0.6643400649777491,-1.8893855314982981,-1.7405008715673347,-0.5121623954665413,0.5362561766990677,-1.4377773409551744,-1.8284540325260852,1.4131679434420117,-1.2559361670879161,-1.7812156626737514,-1.6572961734209914,-1.6837797503962828,-0.8563677200909905,0.3153929791305794,0.6258340862551557,-0.8565392846835711,0.06127993236566409,166.90323705565646,1
119.3,-1.5634534985274695,0.4964011291926531,-1.998996949109817,1.690987821428584,-1.1628782038477934,0.21751941028231414,-1.2456588590949815,-0.22203525885478692,-0.9419302665377871,0.5638356575494261,1.1171363330933337,1.3780509105658325,1.896588805988502,-0.17878178286367108,0.19794328308335452,-0.594329133255854,-0.8472337459361436,0.03246108930029523,1.8926171642399288,-1.7774177337759651,0.9893827553777017,-0.7085656188294598,0.39065857074267907,-0.9377852167942624,0.8753665709340139,-0.015281707738449057,-0.7596430408601833,-0.2080978258642454,3.3126370368202243,0
